[
  {
    "userId": 6845141887,
    "username": "Shineshopstore1",
    "hostname": "ubuntu-2c2-sgp1-12",
    "ip": "152.42.201.138",
    "password": "NDYOFFC#2VCPU2GBAMD",
    "region": "sgp1",
    "osFamily": "ubuntu",
    "os": "ubuntu-25-10-x64",
    "paket": "low",
    "plan": "2c2",
    "warrantyUntil": 1766154367462,
    "replaceUsed": 0,
    "replaceLimit": 1,
    "status": "normal",
    "aliveCheck": "unknown",
    "created": "Jumat, 12 Desember 2025 pukul 21.26",
    "harga": 10000,
    "dropletId": 536531135,
    "penjual": "VpsHostingBot"
  },
  {
    "userId": 7780595921,
    "username": "adrianstore00",
    "hostname": "ubuntu-16c4-sgp1-50",
    "ip": "167.99.76.44",
    "password": "NDYOFFC#4VCPU16GBAMD",
    "region": "sgp1",
    "osFamily": "ubuntu",
    "os": "ubuntu-22-04-x64",
    "paket": "low",
    "plan": "16c4",
    "warrantyUntil": 1766454644683,
    "replaceUsed": 0,
    "replaceLimit": 1,
    "status": "normal",
    "aliveCheck": "unknown",
    "created": "Selasa, 16 Desember 2025 pukul 08.50",
    "harga": 15000,
    "dropletId": 537337291,
    "penjual": "VpsHostingBot"
  },
  {
    "userId": 1443261109,
    "username": "polacakep",
    "hostname": "ubuntu-4c2-sgp1-21",
    "ip": "10.104.0.6",
    "password": "NDYOFFC#2VCPU4GBAMD",
    "region": "sgp1",
    "osFamily": "ubuntu",
    "os": "ubuntu-22-04-x64",
    "paket": "low",
    "plan": "4c2",
    "warrantyUntil": 1766462277797,
    "replaceUsed": 0,
    "replaceLimit": 1,
    "status": "normal",
    "aliveCheck": "unknown",
    "created": "Selasa, 16 Desember 2025 pukul 10.57",
    "harga": 10000,
    "dropletId": 537360513,
    "penjual": "VpsHostingBot"
  },
  {
    "userId": 5218257031,
    "username": "CypaaOfficiall",
    "hostname": "ubuntu-16c4-sgp1-71",
    "ip": "159.65.130.175",
    "password": "NDYOFFC#4VCPU16GBAMD",
    "region": "sgp1",
    "osFamily": "ubuntu",
    "os": "ubuntu-22-04-x64",
    "paket": "low",
    "plan": "16c4",
    "warrantyUntil": 1766981689512,
    "replaceUsed": 0,
    "replaceLimit": 1,
    "status": "normal",
    "aliveCheck": "unknown",
    "created": "Senin, 22 Desember 2025 pukul 11.14",
    "harga": 15000,
    "dropletId": 538822884,
    "penjual": "VpsHostingBot"
  },
  {
    "userId": 7452368268,
    "username": "sazzstr",
    "hostname": "ubuntu-4c2-sgp1-93",
    "ip": "188.166.240.118",
    "password": "NDYOFFC#2VCPU4GBAMD",
    "region": "sgp1",
    "osFamily": "ubuntu",
    "os": "ubuntu-22-04-x64",
    "paket": "low",
    "plan": "4c2",
    "warrantyUntil": 1767059044738,
    "replaceUsed": 0,
    "replaceLimit": 1,
    "status": "normal",
    "aliveCheck": "unknown",
    "created": "Selasa, 23 Desember 2025 pukul 08.44",
    "harga": 10000,
    "dropletId": 539045453,
    "penjual": "Cvpsnewsukacolibot"
  },
  {
    "userId": 6674071478,
    "username": "-",
    "hostname": "ubuntu-16c4-sgp1-79",
    "ip": "178.128.97.54",
    "password": "NDYOFFC#4VCPU16GBAMD",
    "region": "sgp1",
    "osFamily": "ubuntu",
    "os": "ubuntu-22-04-x64",
    "paket": "low",
    "plan": "16c4",
    "warrantyUntil": 1767059404787,
    "replaceUsed": 0,
    "replaceLimit": 1,
    "status": "normal",
    "aliveCheck": "unknown",
    "created": "Selasa, 23 Desember 2025 pukul 08.50",
    "harga": 15000,
    "dropletId": 539046395,
    "penjual": "Cvpsnewsukacolibot"
  }
]